feature	metadata	value	coef	stderr	N	N.not.0	pval	qval
Microbiome_gene_K23535	antivirals	antivirals	-1.05918452117103	0.222703383450253	180	108	6.4448040541701e-06	0.0739337289942791
Bioc_X_12851	antivirals	antivirals	-1.07535871341537	0.228952661802291	180	111	7.95799246480589e-06	0.0739337289942791
