feature	metadata	value	coef	stderr	N	N.not.0	pval	qval
Bioc_X_12798	diet_meat	diet_meat	-1.70932540570337	0.357626651728087	180	94	7.08159216085668e-06	0.16673608742737
